{"mAP_50": 0.4477098822960891, "mAP_50_95": 0.349047871104898, "precision": 0.9573187048434575, "recall": 0.3333333333333333, "fitness": 0.3589140722240171}